<?xml version="1.0" encoding="UTF-8"?>
    <addon id="repository.TVEE" name="TVEE" version="1.0.1" provider-name="TVEE">
        <requires>
            <import addon="xbmc.addon" version="12.0.0"/>
        </requires>
        <extension point="xbmc.addon.repository" name="TVEE">
            <info compressed="false">https://raw.githubusercontent.com/tvee/repository/master/addons.xml</info>
            <checksum>https://raw.githubusercontent.com/tvee/repository/master/addons.xml.md5</checksum>
            <datadir zip="true">https://raw.githubusercontent.com/tvee/repository/master</datadir>
            <hashes>false</hashes>
        </extension>
        <extension point="xbmc.addon.metadata">
            <summary>TVEE Repository</summary>
			<description></description>
			<disclaimer></disclaimer>
            <platform>all</platform>
    </extension>
</addon>